gene_id,stage_after_x_cultivar_LAV,stage_after_x_cultivar_Lifter,stage_after_x_cultivar_SG,stage_after_x_cultivar_SGxAV,AveExpr,F,_7,_8,effect_span,gene,description,gene_biotype,chromosome,start,end,ortholog_query,arabidopsis_symbol,arabidopsis_name,mapping_score,mapping_raw_score
LOC115707012,0.265102291271236,0.648891758413226,0.385691895288626,0.147910230421823,5.17725495947552,7.66642696052955,0.0003961017020657,0.0230572885518252,0.675880552550882,LOC115707012,casein kinase 1-like protein 2,protein_coding,NC_083601.1,41908358,41912783,CKL2,CKL2,casein kinase 1-like protein 2,261.27602,141.27602
LOC115709821,0.877031052585756,1.3433862329941,0.819978925687266,0.802763523753146,5.014741982802,7.72621314316144,0.000376999158305,0.0225057720401862,0.530948312691226,LOC115709821,E3 ubiquitin-protein ligase RGLG2,protein_coding,NC_083603.1,45267700,45272338,RGLG2,RGLG2,RING domain ligase2,261.27602,141.27602
LOC115707985,0.843516971712064,0.825809686913874,0.539136904073575,0.652453964164837,5.23476134290706,7.0685686797341,0.000656477700412,0.0288987860912861,0.153334098175963,LOC115707985,ankyrin repeat-containing protein ITN1,protein_coding,NC_083601.1,13241634,13245725,ITN1,ITN1,Ankyrin repeat family protein,261.27602,141.27602
LOC115714228,0.602261502882926,0.881295579035182,0.624825562137821,0.463162908692393,5.26895445963388,6.79930498680434,0.0008297872872079,0.0317607712609893,0.747789855255883,LOC115714228,YTH domain-containing protein ECT4,protein_coding,NC_083604.1,17907337,17913935,ECT4,ECT4,evolutionarily conserved C-terminal region 4,261.27567999999997,141.27568
LOC115718181,0.976988541858222,0.936574900953706,0.707989006048597,0.51773108910126,6.09234584632745,6.59040423380229,0.0009981848126535,0.0350801324252568,0.386066287000107,LOC115718181,serine/arginine-rich splicing factor RS40,protein_coding,NC_083605.1,13998085,14002551,RS40,RS40,arginine/serine-rich splicing factor 35,261.2753,141.2753
LOC115714301,1.37010358053166,1.88521191969314,1.00460347162268,0.597803475641611,4.80304033248835,5.98626283101892,0.0017389767801632,0.0478015225447792,1.47878071196432,LOC115714301,BTB/POZ domain-containing protein NPY4,protein_coding,NC_083604.1,71267886,71273392,NPY4,NPY4,Phototropic-responsive NPH3 family protein,261.2753,141.2753
LOC115713575,0.966766178203569,1.52727827185606,0.61495982553936,0.706265497195411,4.89405166516685,11.8074607710731,1.91439421974416e-05,0.0041673626654175,2.0996218104652,LOC115713575,"probable amino-acid acetyltransferase NAGS2, chloroplastic",protein_coding,NC_083604.1,70770013,70776445,NAGS2,NAGS2,N-acetyl-l-glutamate synthase 2,261.2753,141.2753
LOC115702650,0.909322019117133,1.3804693974622,0.373777127889019,0.31765129863528,3.79665722791987,6.22434030148351,0.0013889046412545,0.042061558505027,0.249894500081578,LOC115702650,serine/threonine-protein kinase STY8,protein_coding,NC_083610.1,22584380,22589015,STY8,STY8,ACT-like protein tyrosine kinase family protein,261.27507,141.27507
LOC115708117,0.75967413699494,1.827579491701,0.863438533421335,0.510548271619664,3.39166440240297,6.54885477784137,0.0010358816321251,0.0353478156936782,1.24015693199737,LOC115708117,serine/threonine-protein kinase WAG1,protein_coding,NC_083601.1,27919417,27921470,WAG1,WAG1,WAG 1,261.27477999999996,141.27478
LOC115699252,0.791522061267992,0.932741477986488,0.422500505144559,0.416744003585928,4.95004086994984,6.85907798963708,0.0007874414155877,0.0311694178860661,0.882281155096672,LOC115699252,proline-rich receptor-like protein kinase PERK9,protein_coding,NC_083608.1,26917225,26922886,PERK9,PERK9,Protein kinase superfamily protein,261.27477999999996,141.27478
LOC115720789,-1.56210312630565,-2.89071640008651,-0.570946886986176,-0.596562494302474,8.09611944671039,11.2193678336316,3.08395023445188e-05,0.0049986579576003,1.00814279583877,LOC115720789,GDSL esterase/lipase LTL1,protein_coding,NC_083602.1,10574311,10577550,LTL1,LTL1,Li-tolerant lipase 1,261.27031999999997,141.27032
LOC115719756,-1.08368333552229,-2.3015396379609,-0.161190650218763,-0.0439166076579519,8.54859560683316,6.44852766258956,0.0011952046770246,0.0384961959549701,1.09357044629328,LOC115719756,GDSL esterase/lipase LTL1,protein_coding,NC_083602.1,10409948,10413279,LTL1,LTL1,Li-tolerant lipase 1,261.27031999999997,141.27032
LOC115721205,1.02062193792292,1.97369796101622,0.861443358258622,0.652409257200663,6.34512891260607,10.4208863068288,4.87206604069782e-05,0.0068058268860178,0.688057434745212,LOC115721205,putative E3 ubiquitin-protein ligase XBAT31,protein_coding,NC_083602.1,64372411,64375864,XBAT31,XBAT31,uncharacterized protein,261.27031999999997,141.27032
LOC115706276,-0.172616845736578,-1.28593864088237,0.353634016666458,0.666753983283224,3.78511173567545,8.28658923806796,0.0002394079718838,0.0171153942485164,0.395085882144295,LOC115706276,E3 ubiquitin-protein ligase RMA3,protein_coding,NC_083601.1,34298445,34300898,RMA3,RMA3,RING membrane-anchor 3,261.27031999999997,141.27032
LOC115697451,0.308800396417711,0.748049768318682,0.070298293098171,-0.184201366924924,6.06937621608231,7.15811554861457,0.0006078463724061,0.0282889294405454,0.23955192312344,LOC115697451,ras-related protein RABA1b,protein_coding,NC_083607.1,1223408,1226906,RABA1b,RABA1b,RAB GTPase homolog A1B,261.27031999999997,141.27032
LOC115716204,0.365824052670586,0.746642804521646,0.268550164688197,0.25200501409294,4.66792308000063,7.70010859138169,0.0003852147447829,0.0225632636492469,0.768046727496142,LOC115716204,serine/threonine-protein kinase BSK7,protein_coding,NC_083605.1,45934912,45940616,BSK7,BSK7,kinase with tetratricopeptide repeat domain-containing protein,261.27031999999997,141.27032
LOC115700972,-0.815032831598906,-1.46290764886323,-0.575877749268005,-0.417739307691595,4.48990165924011,9.78510907817887,7.66568408276187e-05,0.0090644655355588,2.04059113080235,LOC115700972,protein RER1B,protein_coding,NC_083610.1,83353287,83355217,RER1B,RER1B,endoplasmatic reticulum retrieval protein 1B,257.18843000000004,137.18843
LOC115715897,0.0579048969997909,-1.56972040896376,1.15214441693807,0.0524746340796395,2.00838443981312,6.58201228341372,0.001005677747558,0.0351317653026979,0.245814554352401,LOC115715897,cinnamoyl-CoA reductase-like SNL6,protein_coding,NC_083605.1,3431468,3433910,SNL6,SNL6,paired amphipathic helix Sin3-like protein,257.18814,137.18814
LOC115722879,1.38356994278189,1.72503426384565,1.31416437283749,0.973171076219753,4.15381306365458,8.32720431377349,0.0002318033291858,0.0169477033096441,3.77393292903218,LOC115722879,probable serine/threonine-protein kinase WNK9,protein_coding,NC_083609.1,10652379,10655817,WNK9,WNK9,Protein kinase superfamily protein,257.18814,137.18814
LOC115715972,1.36555172977083,1.89112190168707,1.1227963976737,0.573792298397008,3.54070643372941,7.09353573858498,0.0006425099614297,0.0288987860912861,0.3917172740451,LOC115715972,serine/threonine-protein kinase BSK2,protein_coding,NC_083605.1,72404286,72409460,BSK2,BSK2,BR-signaling kinase 2,254.49634,134.49634
LOC115715971,0.982280315764324,1.45493194050031,0.499434460368473,0.489035646755071,3.72182867708892,6.70023926195718,0.0009054741496545,0.0329053901390241,0.107473019076256,LOC115715971,serine/threonine-protein kinase BSK2,protein_coding,NC_083605.1,72413156,72417780,BSK2,BSK2,BR-signaling kinase 2,254.49634,134.49634
LOC115708095,-0.691526216638185,-1.37833829712555,-0.520050994859237,-0.704011873491841,4.80998043030362,6.82140286838484,0.0008138527612603,0.0316156543951396,2.50907781284617,LOC115708095,AP-2 complex subunit sigma,protein_coding,NC_083601.1,53129172,53131068,AP2,AP2,Integrase-type DNA-binding superfamily protein,252.48608,132.48608
LOC115719911,-1.1585705265274,-3.99861145722184,-0.950866711536844,-0.224678528189657,-4.42041187506144,7.09797405601781,0.000640060690815,0.0288987860912861,0.384689047843411,LOC115719911,LRR receptor-like serine/threonine-protein kinase FLS2,protein_coding,NC_083602.1,26020656,26043315,FLS2,FLS2,flavonol synthase 2,250.88042,130.88042
LOC115712665,0.440870387834015,0.974242883404213,0.436812583656816,0.202174144196391,3.95855665504322,6.5651384289009,0.0010209281029977,0.0351571798917848,0.480974425678306,LOC115712665,serine/threonine-protein kinase PBS1,protein_coding,NC_083604.1,11208753,11213325,PBS1,PBS1,Protein kinase superfamily protein,250.88042,130.88042
LOC115702300,5.8128647429863,8.70991240532336,8.83053696198784,9.06556425185073,1.38052166323107,15.12582720884,2.98170526746013e-06,0.0013348100580663,0.233478040348552,LOC115702300,truncated transcription factor CAULIFLOWER A,protein_coding,NC_083603.1,69985219,69994540,CAL,CAL,K-box region and MADS-box transcription factor family protein,249.54453,129.54453
LOC115706528,0.507894313737153,1.12938265347751,0.417215018506716,0.226582691238413,4.02514403166149,6.06178066834624,0.0016127846948932,0.0460145338898071,0.24925197354322,LOC115706528,transcription factor MYB17,protein_coding,NC_083601.1,37019597,37022615,MYB17,MYB17,myb domain protein 17,249.54453,129.54453
LOC115716156,0.275055649275897,-0.255619302730989,0.661205747081523,1.15612938768623,4.09734686481978,6.45430778571553,0.001127504916072,0.0369942626576176,0.559586468546903,LOC115716156,ethylene-responsive transcription factor CRF2,protein_coding,NC_083605.1,74739223,74741483,CRF2,CRF2,cytokinin response factor 2,249.54398,129.54398
LOC115719422,0.363999687127457,1.05003323749773,0.285419408529821,0.178258561418147,4.23889744037849,6.45404712853056,0.0011277692724673,0.0369942626576176,0.381921693455597,LOC115719422,transcription factor UNE12,protein_coding,NC_083602.1,30579732,30585691,UNE12,UNE12,basic helix-loop-helix (bHLH) DNA-binding superfamily protein,248.40007,128.40007
LOC115725225,-1.39977760770152,-3.02121870015908,-0.358440457667544,-0.28292863189082,3.44164437316413,9.68648835274491,9.2807017670024e-05,0.0100849625573086,0.225196605780752,LOC115725225,auxin-responsive protein SAUR21,protein_coding,NC_083606.1,68272091,68272861,SAUR21,SAUR21,ARM repeat superfamily protein,248.39917,128.39917
LOC115706929,-1.23594715876058,-1.87427414042146,-1.00128901294492,-0.577457753545118,6.43818952829901,6.83292141321646,0.0008227896769747,0.0317607712609893,1.10257027626516,LOC115706929,"sodium/pyruvate cotransporter BASS2, chloroplastic",protein_coding,NC_083601.1,33201129,33206726,BASS2,BASS2,Sodium Bile acid symporter family,247.39874,127.39874
LOC115702792,-1.09089265359052,-1.36302318838595,-0.85722487954989,-0.655644716771982,5.65372376822431,11.6918803835521,2.06391843748221e-05,0.0042643730177517,0.531793866371317,LOC115702792,serine/arginine-rich splicing factor SR45a,protein_coding,NC_083610.1,21771037,21773629,SR45a,SR45a,RNA-binding (RRM/RBD/RNP motifs) family protein,247.39839,127.39839
LOC115700030,-1.69802505627627,-2.03016601739754,-1.43751351086451,-0.807133297540665,6.54521913540169,7.32749063535737,0.0005452560017158,0.0263722628884932,1.28215622094402,LOC115700030,"thioredoxin-like protein CDSP32, chloroplastic",protein_coding,NC_083608.1,46925844,46926830,CDSP32,CDSP32,chloroplastic drought-induced stress protein of 32 kD,246.50804,126.50804
LOC115702816,-0.802763348513103,-1.40631162811593,-0.513088006177928,-0.525519959673731,4.94030773168532,6.57624196493943,0.0010108650690756,0.0351317653026979,0.589648837839229,LOC115702816,AP-1 complex subunit sigma-2,protein_coding,NC_083610.1,21572074,21574354,AP1,AP1,K-box region and MADS-box transcription factor family protein,245.70862,125.70862
LOC115709879,0.678865359415938,0.125400878201241,0.380708189822232,0.91638977735531,4.23909634067333,6.5651191643607,0.0010209456558299,0.0351571798917848,0.590484178880312,LOC115709879,serine/threonine/tyrosine-protein kinase HT1,protein_coding,NC_083603.1,49111365,49115114,HT1,HT1,Protein kinase superfamily protein,244.31377,124.31377
LOC115716758,1.99773962510162,2.42857945203057,2.00416131815011,0.63032954712302,1.21042342643867,5.92270923141003,0.0018352774184298,0.0495788592260306,1.5935647244464,LOC115716758,phosphate transporter PHO1 homolog 10,protein_coding,NC_083605.1,12717373,12725358,PHO1,PHO1,phosphate 1,241.17171000000002,121.17171
LOC115721260,0.626065601820659,0.948401797918264,0.554610977697417,0.470104844715919,7.44863898681336,7.04421221505929,0.000670419944052,0.0290759468413999,0.621250945693856,LOC115721260,YTH domain-containing protein ECT3,protein_coding,NC_083602.1,91740479,91744299,ECT3,ECT3,evolutionarily conserved C-terminal region 3,235.523575,115.523575
LOC115704678,-0.895430994385541,-1.32921028800241,-0.45349856994156,-0.510884736623859,4.2705337533057,7.64987604921414,0.0004015727723149,0.0232319115848202,0.522420804576412,LOC115704678,mitochondrial import receptor subunit TOM5 homolog,protein_coding,NC_083601.1,22971907,22973793,TOM5,TOM5,mitochondrial import receptor subunit TOM5-like protein,234.90842,114.90842
LOC115703175,-1.20823515619625,-1.73011611101335,-0.801409658414528,-0.742208901102625,5.85914101984627,8.78362734963319,0.0001621887035878,0.0136440876450581,0.255590476114206,LOC115703175,mitochondrial import receptor subunit TOM6 homolog,protein_coding,NC_083610.1,7762870,7765216,TOM6,TOM6,translocase of the outer mitochondrial membrane 6,232.10086,112.10086
LOC115725227,-0.628089746574239,-1.10230918931031,-0.467148458031415,-0.600429319209076,5.67238291634701,6.3169797266876,0.0012764906451493,0.0401347443312662,0.85963353110214,LOC115725227,"copper-transporting ATPase PAA1, chloroplastic",protein_coding,NC_083606.1,65042399,65051754,PAA1,PAA1,P-type ATP-ase 1,230.03215,110.03215
LOC115718796,-0.832163176585116,-1.76030380181916,-0.829608654195082,0.165085399847439,3.91980441565411,6.93581057413631,0.0007514683816558,0.0302334604004004,0.755392854608701,LOC115718796,NDR1/HIN1-like protein 1,protein_coding,NC_083602.1,5616169,5617139,NDR1,NDR1,Late embryogenesis abundant (LEA) hydroxyproline-rich glycoprotein family,226.314476,106.314476
LOC115717977,-1.20871029029756,-1.58351553128269,-1.11947000126071,-0.95804716084624,4.9721783913582,8.9847494653226,0.0001390152493396,0.0124464986575457,0.474012650220482,LOC115717977,mitochondrial import inner membrane translocase subunit TIM13,protein_coding,NC_083605.1,68315942,68317267,TIM13,TIM13,translocase of the inner mitochondrial membrane 13,219.1191,99.1191
LOC115721274,-1.60226659800319,-2.24801195740003,-0.509237382067096,-0.732327849301504,3.50782752862319,6.1999585574729,0.0014276137630688,0.0426063396400335,1.118804554914,LOC115721274,MADS-box protein SVP,protein_coding,NC_083602.1,5148496,5156195,SVP,SVP,K-box region and MADS-box transcription factor family protein,217.61735,97.61735
A5N79_gp22,-2.87432600656473,-6.05895532481517,-0.63730085654182,-0.264697085357393,6.13325681812243,15.5451945362046,3.48710496110015e-06,0.001456989943969,1.20349576548197,matR,,protein_coding,NC_029855.1,172253,174208,matR,matR,maturase,215.58309,95.58309
LOC115709113,-1.04858259686672,-1.51629681531884,-0.948486810488413,-1.00641570661143,4.34509487749836,7.29607329259273,0.0005403689909022,0.0263722628884932,1.98929704597564,LOC115709113,mitochondrial import inner membrane translocase subunit TIM8,protein_coding,NC_083603.1,42500102,42501741,TIM8,TIM8,translocase inner membrane subunit 8,215.51283999999998,95.51284
LOC115719193,-1.38568213324937,-1.68970924159944,-1.05356775117905,-1.20585806259241,4.74215542625035,7.70723165228586,0.0003829539838386,0.0225632636492469,1.8524657324587,LOC115719193,mitochondrial import inner membrane translocase subunit TIM10,protein_coding,NC_083602.1,60045447,60048247,TIM10,TIM10,Tim10/DDP family zinc finger protein,215.20445,95.20445
LOC115708245,-0.649246390956317,-1.54085495978365,-0.579100483816333,-0.805238065034575,4.80126507167766,8.02166203274551,0.0002961284951609,0.0196049576268186,2.86200521158188,LOC115708245,sm-like protein LSM2,protein_coding,NC_083601.1,35526162,35527972,LSM2,LSM2,Small nuclear ribonucleoprotein family protein,214.13515,94.13515
A5N79_gp13,-4.3919884316616,-8.52974868923512,-0.67282182831794,-0.0994290869321146,4.63939762218271,11.8692140531529,2.72671712891318e-05,0.0048348114177819,0.511996614912865,ccmFc,,protein_coding,NC_029855.1,228354,230672,ccmFc,ccmFC,cytochrome c biogenesis FC,214.119194,94.119194
A5N79_gp34,-4.99796742603023,-7.00106168236468,0.359633730798853,0.714449669384295,3.72452764574867,14.6620869274167,5.58478243471957e-06,0.001912000536573,0.453639561958728,mttB,,protein_coding,NC_029855.1,64135,64974,mttB,mttB,transport membrane protein,213.81699,93.81699
A5N79_gp14,-4.61948435708957,-9.31701200102059,-0.0319129913891431,0.494943877316456,4.97786841396282,13.5771576768841,1.00699957244979e-05,0.0027677730618638,0.616750904221726,sdh4,,protein_coding,NC_029855.1,216688,217230,sdh4,sdh4,pseudo,212.43135999999998,92.43136
A5N79_gp30,-3.99687357904123,-8.45091725877015,-0.333783248050653,-0.148212081288087,3.72504448861986,10.1419245891584,8.24382576131534e-05,0.0095092277278681,1.62027974679089,ccmC,,protein_coding,NC_029855.1,80369,81121,ccmC,ccmC,cytochrome c biogenesis C,211.70285,91.70285
A5N79_gp07,-3.0694422102777,-9.2342699744183,-1.01022560097485,-0.162625469701223,6.67531188486756,15.4649787011892,3.68042733674667e-06,0.0014723275486278,1.4504259992358,nad7,,protein_coding,NC_029855.1,261494,266672,nad7,nad7,NADH dehydrogenase subunit 7,210.01548,90.01548
A5N79_gp35,-2.21568621301822,-8.74534482469702,0.119194257632825,0.911905306978058,8.80199670572672,19.8787508391187,4.74334667633021e-07,0.0004954689122686,0.350486480796112,atp1,,protein_coding,NC_029855.1,53628,55157,atp1,atp1,ATPase subunit 1,209.88828999999998,89.88829
A5N79_gp36,-6.92326863007197,-10.4434676838804,-0.473674009861033,0.560874058239761,4.30017938745401,12.2811508309141,2.12676570168147e-05,0.004310230055914,0.246314811622244,nad9,,protein_coding,NC_029855.1,35847,36419,nad9,nad9,NADH dehydrogenase subunit 9,209.78975,89.78975
A5N79_gp31,-3.21638460607233,-7.87056995884128,-0.76990656234396,0.248650446079115,5.7614800077812,15.1003884236869,4.43913803709034e-06,0.0016970187132537,0.230715064362279,atp4,,protein_coding,NC_029855.1,78009,78605,atp4,atp4,ATPase subunit 4,209.32797,89.32797
A5N79_gp33,-5.64748496305498,-9.41444542984174,-0.220652959254586,0.134513517337541,2.24168045582045,8.77319541213639,0.0002139961362297,0.0160942214135672,0.474127563608474,ccmB,,protein_coding,NC_029855.1,74132,74752,ccmB,ccmB,cytochrome c biogenesis B,207.57406600000002,87.574066
LOC115708937,0.141893739585555,0.815494975468609,0.278598387518691,0.336552432230313,6.02528022463434,6.80016043541964,0.0008291642126259,0.0317607712609893,0.296753337721657,LOC115708937,peroxisomal membrane protein PEX14,protein_coding,NC_083603.1,48736802,48742113,PEX14,PEX14,peroxin 14,206.39834000000002,86.39834
A5N79_gp21,-3.66836632854369,-5.82171708451558,-0.139461711043095,0.330931832719463,4.87795889659661,13.6973655117822,9.41860236451934e-06,0.0027244394101183,2.25893747248509,rps10,,protein_coding,NC_029855.1,175510,176678,rps10,RPS10,ribosomal protein S10,204.14915000000002,84.14915
A5N79_gp01,-4.05607573677957,-9.03432971016889,-1.28856334406774,-0.592268224458886,5.41613941014792,13.5640287964777,1.01440611838588e-05,0.0027677730618638,0.299549111077839,nad1,,protein_coding,NC_029855.1,11633,12020,nad1,nad1,NADH dehydrogenase subunit 1,203.99054999999998,83.99055
A5N79_gp32,-4.52595140643381,-11.2003283280922,-0.212707491516447,0.399686671054436,4.38313505121491,10.7333025463505,5.5750249653197e-05,0.0073818041829536,1.05603575609434,nad4L,,protein_coding,NC_029855.1,77529,77831,nad4L,nad4L,NADH dehydrogenase subunit 4L,203.98964999999998,83.98965
A5N79_gp28,-3.0347904147303,-7.74373368746409,-1.40105509574029,-0.55030444477293,6.44972787734649,14.6593009576481,5.59302358852884e-06,0.001912000536573,0.508694809246856,nad2,,protein_coding,NC_029855.1,406748,408492,nad2,nad2,NADH dehydrogenase subunit 2,203.96537,83.96537
A5N79_gp23,-1.07071371255715,-2.80003074852906,-1.27054231425475,-0.345179775160492,9.3166505312252,8.63131800986959,0.000192821062159,0.0149810810360124,1.31957260262448,atp9,,protein_coding,NC_029855.1,166299,166688,atp9,atp9,ATPase subunit 9,203.937225,83.937225
A5N79_gp05,-3.60416705689834,-8.90328998553907,-1.19565089776448,-0.553638027409757,6.10684266746062,13.6400517216216,9.72326348531244e-06,0.0027677730618638,0.274125897213397,nad4,,protein_coding,NC_029855.1,304861,312732,nad4,nad4,NADH dehydrogenase subunit 4,203.93152600000002,83.931526
A5N79_gp18,-2.80489364144177,-8.15868856765169,-0.41568965904763,0.0711788006560851,6.80771885051708,16.9142158404402,1.79993209189735e-06,0.000940064533107,0.246412474686353,cob,,protein_coding,NC_029855.1,199091,200281,cob,cob,apocytochrome b,203.90278,83.90278
A5N79_gp24,-3.49144838150253,-7.52619784632887,-1.76481543601384,-0.91573926863567,6.52762755853387,13.7617794026101,9.08856005475837e-06,0.0027124302563423,0.457857527609976,nad5,,protein_coding,NC_029855.1,154251,156546,nad5,nad5,NADH dehydrogenase subunit 5,203.89868,83.89868
A5N79_gp08,-6.49303921917238,-11.1543141460304,-1.50330812542537,-1.03765044670898,3.6062627018861,7.9092861852652,0.0004132926835342,0.0236093235799261,0.380790282497413,nad6,,protein_coding,NC_029855.1,247907,248524,nad6,nad6,NADH dehydrogenase subunit 6,203.70485,83.70485
A5N79_gt07,-2.60090927109893,-3.99113163903731,0.138310874173272,0.367409936476406,0.997164077464523,9.07510461432784,0.000130056694817,0.0119868920389698,1.16842273799556,trnC,,tRNA,NC_029855.1,100361,100431,trnC,trnC,tRNA-Cys,203.108116,83.108116
A5N79_gt06,-2.19603949848762,-4.03666352153118,-0.794722885784839,-0.685947894653322,0.959615982536135,10.6351447899651,4.19735711510906e-05,0.0062140715337228,2.53097057421905,trnP,,tRNA,NC_029855.1,46450,46524,trnP,trnP,tRNA-Pro,202.66841,82.66841
A5N79_gt08,-3.96935538553593,-6.82873540592981,0.239939250667663,1.13719419150202,-0.631415623285373,10.6641161443428,4.17519956931191e-05,0.0062140715337228,0.41155480285187,trnN,,tRNA,NC_029855.1,101988,102059,trnN,trnN,tRNA-Asn,201.51253,81.51253
A5N79_gp20,-3.07958754543513,-7.47998831238444,-0.326174074471059,-0.0503310891804009,6.2102230330632,17.3747647916971,1.44738593744823e-06,0.0008040854831765,2.29356121138545,rpl5,,protein_coding,NC_029855.1,197079,197636,rpl5,rpl5,ribosomal protein L5,201.32629400000002,81.326294
LOC115695823,-1.2195230527744,-2.28201486013719,-0.975604686058965,-0.773801101514958,4.48875141958705,15.766371790868,1.86139322059299e-06,0.0009458896036105,0.617669585878421,LOC115695823,"protein TIC 20-v, chloroplastic",protein_coding,NC_083606.1,1756051,1757084,TIC 20-v,Tic20-V,TIC 20-v-like protein,199.60206599999998,79.602066
LOC133037468,-5.46946816793082,-7.15199013016482,0.280168253418591,0.562302781047295,1.00386069685834,20.1173577744226,2.54540442845052e-07,0.0003681438004902,1.73107541291326,LOC133037468,cytochrome b6,protein_coding,NC_083604.1,61796326,61800027,petB,petB,cytochrome b6,187.54231,67.54231
LOC133037037,-3.83245389149046,-8.52118982152675,-0.70236508200072,0.180708143563587,6.41555547933079,23.2005385156885,1.26040367059381e-07,0.000236981098145,0.272591746401312,LOC133037037,photosystem II CP47 reaction center protein-like,protein_coding,NC_083604.1,61824267,61834926,psbB,psbB,photosystem II 47 kDa protein,187.52884,67.52884
LOC133039687,-5.4744733866549,-8.41409912802899,0.203796717313205,0.933222282876822,-0.694891465771606,18.6882755779793,4.31176024735053e-07,0.0004768806833569,2.65254256242049,LOC133039687,photosystem I P700 chlorophyll a apoprotein A2-like,protein_coding,NC_083607.1,30107089,30109166,psaB,psaB,photosystem I P700 chlorophyll a apoprotein A2,187.511635,67.511635
LOC133037472,-2.87668213907495,-5.89392135321085,-0.965254117803432,-0.0432092910073098,7.24257939536333,15.8372712383816,2.87352773182486e-06,0.0013177577661895,0.492708824175239,LOC133037472,photosystem I P700 chlorophyll a apoprotein A2,protein_coding,NC_083604.1,61935290,61939460,psaB,psaB,photosystem I P700 chlorophyll a apoprotein A2,187.511635,67.511635
LOC133037471,-3.15308267034334,-9.3960479493529,-0.899014498731602,-0.019110136640954,9.22804442413612,24.3603350129367,7.56106663713297e-08,0.0001777039686392,0.389679519627029,LOC133037471,photosystem I P700 chlorophyll a apoprotein A1,protein_coding,NC_083604.1,61937153,61941738,psaA,psaA,photosystem I P700 chlorophyll a apoprotein A1,187.46163,67.46163
LOC133037046,-4.34555518783607,-12.0720812871162,-1.45354653430922,0.39599596247824,8.55685424098962,17.4998541707044,1.36517548161666e-06,0.0008040854831765,0.682631531169817,LOC133037046,ribulose bisphosphate carboxylase large chain,protein_coding,NC_083604.1,61954196,61954878,rbcL,rbcL,"ribulose-1,5-bisphosphate carboxylase/oxygenase large subunit",187.38716,67.38716
LOC133037458,-4.84446582924662,-7.63094264613686,-0.529846872799895,-0.326001931141331,6.59964280186096,19.3266321453283,5.89438162975262e-07,0.0005037552881936,0.490093329204268,LOC133037458,cytochrome f,protein_coding,NC_083604.1,61813506,61821657,petA,petA,cytochrome f,187.13272999999998,67.13273
LOC133030116,-4.21823688599067,-7.34062981147885,-0.986645831817425,-0.503838213692704,-1.00318126126212,12.8087185307059,1.01669599973022e-05,0.0027677730618638,2.10004738348991,LOC133030116,cytochrome f-like,protein_coding,NC_083608.1,6307071,6310185,petA,petA,cytochrome f,187.13272999999998,67.13273
LOC133035721,-5.18174604462828,-8.06120240349987,-0.330629485442791,-0.338586555743342,0.611184358086239,23.7430392629445,4.78898162666646e-08,0.0001743405710632,0.371092838728896,LOC133035721,cytochrome f-like,protein_coding,NC_083603.1,37453559,37461535,petA,petA,cytochrome f,187.13272999999998,67.13273
A5N79_gp12,-1.71565501089519,-4.83580708856495,-0.32080510214399,-0.210538580816153,6.64047578837259,14.8235982192251,4.72485682198679e-06,0.0017396314297209,0.287461648119514,rpl16,,protein_coding,NC_029855.1,233652,234086,rpl16,rpl16,ribosomal protein L16,186.90665,66.90665
A5N79_gp25,-4.98882107508418,-10.2543621922465,-0.0939303653010235,0.287488041524452,5.42616595238601,12.0894512895334,2.38585445427931e-05,0.0045311954999353,0.705370036278714,rps4,,protein_coding,NC_029855.1,136615,137673,rps4,rps4,ribosomal protein S4,186.79828,66.79828
A5N79_gp16,-2.36827746932647,-7.04811271738417,-0.0544838294078055,0.739010387751652,6.95358424379233,15.3104012626778,3.98329745663731e-06,0.0015602908079103,1.25663197691892,atp8,,protein_coding,NC_029855.1,214924,215403,atp8,atp8,ATPase subunit 8,186.58296,66.58296
LOC133037474,-3.07013288547015,-8.27382566605759,-0.179818556533207,0.24426431547725,8.96054703287825,20.7801345101594,3.02888191951707e-07,0.0003796602523384,0.707568326408652,LOC133037474,"ATP synthase subunit beta, chloroplastic",protein_coding,NC_083604.1,61952048,61954131,atpB,atpB,ATP synthase CF1 beta subunit,186.55076,66.55076
LOC133037473,-2.40535474257589,-5.08688347853836,-0.551635612251028,-0.369323741900849,9.32548378329116,18.6085022467536,5.73300151162604e-07,0.0005037552881936,2.11232844293297,LOC133037473,"ATP synthase subunit alpha, chloroplastic",protein_coding,NC_083604.1,61906671,61912019,atpA,atpA,ATP synthase CF1 alpha subunit,186.38286,66.38286
LOC115708324,-2.80458469380472,-4.33843858592582,-0.302312462907682,-0.0954103746370756,0.296989096938852,11.226355500092,2.80743454742691e-05,0.0048426958129101,0.544718268683236,LOC115708324,"ATP synthase subunit alpha, chloroplastic",protein_coding,NC_083607.1,30109158,30113207,atpA,atpA,ATP synthase CF1 alpha subunit,186.38286,66.38286
A5N79_gp26,-3.54820419065742,-8.86472183239077,-0.170758921921175,0.581629446039446,5.93632076736281,15.7664862980672,3.15938807642581e-06,0.0013500639684763,1.39091261726289,cox2,,protein_coding,NC_029855.1,118394,121271,cox2,cox2,cytochrome c oxidase subunit 2,186.34651,66.34651
A5N79_gp15,-3.03218912821979,-7.20468819320041,-0.133183004228317,0.82208185821122,6.4892455996515,14.9456880672447,4.81123467426281e-06,0.0017396314297209,0.781451910853955,cox3,,protein_coding,NC_029855.1,215963,216760,cox3,cox3,cytochrome c oxidase subunit 3,186.31702,66.31702
A5N79_gp04,-2.6937321166316,-9.60133618333988,-1.14244637163702,0.189914408833002,6.80114223939077,16.7819696927613,1.91773284862078e-06,0.0009488740268359,0.74423725568554,cox1,,protein_coding,NC_029855.1,335236,336855,cox1,cox1,cytochrome c oxidase subunit 1,186.298386,66.298386
A5N79_gp29,-6.15425939798191,-9.59338561056285,-0.760733709708769,-0.0883947467198231,4.28303804645359,10.1173399884691,8.38147270814519e-05,0.0095564641588691,1.19596688988846,atp6,,protein_coding,NC_029855.1,87777,88496,atp6,atp6,ATPase subunit 6,186.28215,66.28215
A5N79_gp11,-1.57379966089629,-5.00834486713633,-0.40605343380856,-0.367493233424057,7.88823632657841,12.9982490897906,1.29709068194219e-05,0.0031672596106333,2.62703759078666,rps3,,protein_coding,NC_029855.1,234099,237059,rps3,rps3,ribosomal protein S3,185.94517000000002,65.94517
A5N79_gp10,-2.39718066409607,-4.2321436510005,-0.664852398935017,-0.500634184677076,5.62951250007571,12.3470797823538,1.8883470463434e-05,0.0041673626654175,2.46569807979624,rps19,,protein_coding,NC_029855.1,237073,237357,rps19,rps19,pseudo,184.538445,64.538445
LOC133037453,-5.19856751660332,-8.22653113324559,-0.294030666018067,-0.201431076943573,2.19575000921354,18.6896500698869,5.60786752999406e-07,0.0005037552881936,0.413546749879649,LOC133037453,protein Ycf2-like,protein_coding,NC_083604.1,61781762,61790004,ycf2,ycf2,Ycf2,183.37642,63.37642
LOC115701376,0.270203441549212,1.4726359239454,0.325126846703405,0.577587775247751,5.47784921574069,6.79757150488577,0.0008310514348301,0.0317607712609893,0.94465602099354,LOC115701376,protein WALLS ARE THIN 1,protein_coding,NC_083610.1,84004505,84008153,WALLS ARE THIN 1,WAT1,Walls Are Thin 1,183.30968,148.30968
A5N79_gp09,-2.57578459307811,-6.8260025183673,-0.6561725313302,-0.521789377102066,6.44894888763258,21.2766950950055,2.49146544604091e-07,0.0003681438004902,0.376048366637859,rpl2,,protein_coding,NC_029855.1,237897,240784,rpl2,rpl2,ribosomal protein L2,182.658844,62.658844
A5N79_gp27,-4.96078461751905,-6.83367713411886,0.592099602144339,1.04665337527578,3.77463323618303,16.5408451414922,2.15474227097896e-06,0.0010388067738191,2.40878655905127,rps7,,protein_coding,NC_029855.1,111740,112186,rps7,rps7,ribosomal protein S7,181.842896,61.842896
LOC115722918,-0.757760944554261,-1.01630353293088,-0.79682281180978,-0.52110563677365,6.21173902149882,7.34916814377648,0.0005165928629534,0.02562791295317,1.02054499402246,LOC115722918,"phosphoglucan, water dikinase, chloroplastic",protein_coding,NC_083609.1,17297468,17313990,"phosphoglucan, water dikinase",PWD,"phosphoglucan, water dikinase",168.58063,133.58063
LOC115699139,-1.27157805632489,-2.30828308897777,-1.16827311318891,-1.38596579154976,3.60737257317027,6.05988711005528,0.0016502261930621,0.0464911928962216,1.59547636108073,LOC115699139,GDSL esterase/lipase At2g04570,protein_coding,NC_083608.1,47420685,47423044,GDSL esterase/lipase At2g04570,AT2G04570,GDSL-like Lipase/Acylhydrolase superfamily protein,166.27602,141.27602
LOC115719075,0.725227816475042,0.92849975833764,1.02055174142157,0.867445818644897,4.44662928053863,8.96186237410434,0.000141462185618,0.0124590046753595,1.53911079339984,LOC115719075,serine/threonine-protein kinase D6PKL1,protein_coding,NC_083602.1,172434,176746,serine/threonine- kinase D6PKL1,D6PKL1,D6 protein kinase like 1,166.27602,141.27602
LOC115708814,0.402689395740642,0.818313035988064,0.435941161662751,0.379478525712397,5.23361733563671,7.71008421702403,0.0003820526389972,0.0225632636492469,1.0615465323597,LOC115708814,probable serine/threonine-protein kinase At1g54610,protein_coding,NC_083603.1,42455489,42459481,serine/threonine- kinase At1g54610,AT1G54610,Protein kinase superfamily protein,166.27602,141.27602
LOC115709841,0.792075725750393,1.22970115062755,0.510057610044039,0.505137478462431,6.1020606309559,6.18020683350642,0.0014461699562694,0.0429555884956987,1.39869379761755,LOC115709841,probable inactive receptor kinase At5g67200,protein_coding,NC_083610.1,30764040,30767065,inactive receptor kinase At5g67200,AT5G67200,Leucine-rich repeat protein kinase family protein,166.2753,141.2753
LOC115718582,-0.759309870384828,-0.811494820478668,-0.678815725096471,-0.788659833502759,5.1759290773715,7.49799295730815,0.0004557638095785,0.0240035606378015,1.9059278190406,LOC115718582,PITH domain-containing protein At3g04780,protein_coding,NC_083602.1,31594307,31597035,PITH domain-containing At3g04780,AT3G04780,PITH domain protein (DUF1000),166.2753,141.2753
LOC115702706,0.518376200077436,0.852645788127803,0.285225742895737,0.361415600919386,4.9548984925512,9.18738948132576,0.0001192417901639,0.0114529603560781,3.87360427356479,LOC115702706,probable inactive receptor kinase At5g67200,protein_coding,NC_083610.1,22232932,22235834,inactive receptor kinase At5g67200,AT5G67200,Leucine-rich repeat protein kinase family protein,166.2753,141.2753
LOC115706828,0.186075802689125,-0.112693367412808,0.740443921148284,0.965758110299543,4.44417954671594,7.42205460578876,0.00048577437473,0.0247400572438331,1.03845161724429,LOC115706828,probable LRR receptor-like serine/threonine-protein kinase At1g53430,protein_coding,NC_083601.1,38733187,38743882,LRR receptor serine/threonine- kinase At1g53430,AT1G53430,Leucine-rich repeat transmembrane protein kinase,166.27507,141.27507
LOC115724495,0.813300758964097,1.42235071938631,0.638663349417607,0.368153242858606,4.59259665106207,7.62481401480524,0.0004100131416793,0.0235751287151504,0.550297181144896,LOC115724495,WEB family protein At5g55860,protein_coding,NC_083606.1,1558993,1563068,WEB family At5g55860,AT5G55860,weak chloroplast movement under blue light protein (DUF827),166.27507,141.27507
LOC115705840,-2.623984865447,-3.40574316157599,-1.73643696304817,-1.98138755744674,3.79639349237734,9.20161411767666,0.0001358987085872,0.0122844592252801,0.748950775934199,LOC115705840,putative lipid-binding protein At4g00165,protein_coding,NC_083601.1,28281978,28283425,lipid-binding At4g00165,AT4G00165,Bifunctional inhibitor/lipid-transfer protein/seed storage 2S albumin superfamily protein,166.27507,141.27507
LOC115697188,-1.18133854497875,-3.13641408461254,-1.40511902311094,-1.51026127650542,4.33678520098385,11.8095465275285,2.13196146792898e-05,0.004310230055914,0.686644005584101,LOC115697188,tropinone reductase homolog At5g06060,protein_coding,NC_083607.1,12057375,12066019,tropinone reductase homolog At5g06060,AT5G06060,NAD(P)-binding Rossmann-fold superfamily protein,166.27478,141.27478
LOC133036720,0.400326448670638,0.932149527724515,0.385810922204614,0.0466974903612425,5.06893186572786,7.07565273284993,0.0006524815644205,0.0288987860912861,0.169343332469551,LOC133036720,protein WVD2-like 7,protein_coding,NC_083604.1,24853317,24857647,WVD2 7,WVD2,TPX2 (targeting protein for Xklp2) protein family,166.27478,141.27478
LOC115699296,0.662643933294596,1.06561044501691,0.549290247743498,0.548750148292319,5.04241680916655,6.90856015433563,0.0007541481186994,0.0302334604004004,0.534094064312409,LOC115699296,probable receptor-like protein kinase At2g42960,protein_coding,NC_083608.1,47596274,47600591,receptor kinase At2g42960,AT2G42960,Protein kinase superfamily protein,166.27478,141.27478
LOC115705234,1.04193535021834,1.92976756948783,0.328383957509843,-0.1366864917293,2.25376074991786,6.07450815110965,0.0015939243339933,0.0456753615228833,2.72671640219933,LOC115705234,MATH domain and coiled-coil domain-containing protein At3g58360,protein_coding,NC_083601.1,29375536,29378741,MATH domain and coiled-coil domain-containing At3g58360,AT3G58360,TRAF-like family protein,166.27478,141.27478
LOC115716357,-0.681897396373833,-1.69819654551168,-0.464791708327478,-0.380973791225424,4.50769619067644,7.2692911473887,0.0005528078887259,0.0263808035726213,0.861201817872964,LOC115716357,pentatricopeptide repeat-containing protein At3g26540-like,protein_coding,NC_083605.1,75351060,75380069,pentatricopeptide repeat-containing At3g26540,AT3G26540,Tetratricopeptide repeat (TPR)-like superfamily protein,166.27032,141.27032
LOC133035408,0.39822169288108,-3.65480050910187,-0.457749103240534,0.234031262882832,-2.50353005878122,6.1267052408191,0.0015190238521913,0.044370379186072,0.84190325268826,LOC133035408,putative disease resistance protein At3g14460,protein_coding,NC_083603.1,6907226,6909314,disease resistance At3g14460,AT3G14460,LRR and NB-ARC domains-containing disease resistance protein,166.27032,141.27032
LOC115705668,0.662829799408237,-0.593019638393104,0.699503619389107,1.25178581721368,3.54432111677632,6.78763709597126,0.0008383363059354,0.0318019579345971,1.15619353450762,LOC115705668,probable alpha-mannosidase At5g13980,protein_coding,NC_083601.1,27545383,27552341,alpha-mannosidase At5g13980,AT5G13980,Glycosyl hydrolase family 38 protein,166.27032,141.27032
LOC133033561,0.0239962715350537,0.218146590740398,0.520079489860485,0.339680945219607,5.18229131544817,6.08241812780375,0.0015823226385876,0.0455602300929939,1.52994556655192,LOC133033561,exocyst complex component SEC5A-like,protein_coding,NC_083601.1,46608383,46612159,exocyst complex component SEC5A,SEC5A,exocyst complex component sec5,166.27032,141.27032
LOC115700606,1.46977315322911,1.67634521725175,1.41361554951304,1.27094750387185,5.75120425832466,6.7381310574904,0.0008780317192412,0.032561641785354,1.36502469624119,LOC115700606,probable alpha-mannosidase At5g13980,protein_coding,NC_083608.1,45403062,45411346,alpha-mannosidase At5g13980,AT5G13980,Glycosyl hydrolase family 38 protein,166.27032,141.27032
LOC115720516,0.383045712661607,0.842326834897812,0.32309114363598,0.048720927389141,6.12235996452479,7.60185968159503,0.0004179118457486,0.0236093235799261,0.186367261304035,LOC115720516,protein WVD2-like 5,protein_coding,NC_083610.1,71631533,71636011,WVD2 5,WVD2,TPX2 (targeting protein for Xklp2) protein family,166.27032,141.27032
LOC115724994,0.645707295943909,0.595400182970223,0.562077110897375,0.451523160488222,4.82935256229649,6.47520279432151,0.0011065290841856,0.0366487434396072,1.59884385732736,LOC115724994,VIN3-like protein 2,protein_coding,NC_083606.1,3125968,3130238,VIN3 2,VIN3,Fibronectin type III domain-containing protein,162.18814,137.18814
LOC115725054,0.63023478530963,0.948042543414442,0.234211421017392,-0.0211548984371741,5.04627049401203,8.74010309970218,0.0001677338224226,0.0137220684680438,0.993751142242626,LOC115725054,probable WRKY transcription factor 32,protein_coding,NC_083606.1,8606110,8611437,WRKY 32,WRKY32,WRKY DNA-binding protein 32,162.137886,42.137886
LOC115711970,-0.28220168875188,-1.47430847662338,-0.61436064745583,-0.430380794978962,5.54912393578044,6.01218974269359,0.0016885968793118,0.0471753321319782,1.66230083816519,LOC115711970,probable indole-3-acetic acid-amido synthetase GH3.1,protein_coding,NC_083604.1,72070830,72073315,indole-3-acetic acid-amido synthetase GH3.1,GH3.1,Auxin-responsive GH3 family protein,159.49634,134.49634
LOC115714825,-0.563982371017968,-1.28203700880134,-0.203578569368114,-0.335012036247809,4.9173677473281,8.2947287667456,0.0002378626316519,0.0170839740969276,0.777429469090927,LOC115714825,ER lumen protein-retaining receptor,protein_coding,NC_083604.1,79996826,79999331,ER lumen -retaining receptor,ER,Leucine-rich receptor-like protein kinase family protein,154.54085,129.54085
LOC115706418,0.0524166367917871,-0.827529185781503,0.938010456788252,0.237131441822965,4.13849007534676,6.91100591229404,0.0007525423896199,0.0302334604004004,1.66525217080241,LOC115706418,protein BIG GRAIN 1-like B,protein_coding,NC_083610.1,5426117,5427577,BIG GRAIN 1 B,BIG,auxin transport protein (BIG),151.50894,126.50894
LOC115715979,-0.318089603754019,-0.738927954989585,0.0813425142630923,-0.07685665378084,6.49462314917782,5.91222785220587,0.0018533369164343,0.0499754835676054,0.67341150685096,LOC115715979,subtilisin-like protease SBT1.3,protein_coding,NC_083605.1,61304263,61307321,subtilisin protease SBT1.3,SBT1.3,subtilase 1.3,151.50804,126.50804
LOC115718142,-1.96107717107957,-3.86589177857547,-1.60787941115009,-1.29550915841844,5.26606317920253,10.9777881338445,4.23595562295475e-05,0.0062222216892808,1.08721333711159,LOC115718142,CDGSH iron-sulfur domain-containing protein NEET,protein_coding,NC_083605.1,62084493,62085845,CDGSH iron-sulfur domain-containing NEET,NEET,"2 iron, 2 sulfur cluster binding protein",151.50804,126.50804
A5N79_gt14,-5.69621402062798,-6.52498079178586,-0.879459537971412,-0.806999565568157,-1.1628475128665,9.98627424446375,6.62955857833053e-05,0.0084222270533628,1.14421405487634,trnQ-TTG,,tRNA,NC_029855.1,332882,332953,trnQ-TTG,trnQ(TTG),ncRNA,146.833628,26.833628
A5N79_gt01,-3.42689557666058,-4.37682299210329,-0.616886056198657,-0.517230775890379,0.957962849499397,11.2701990350186,2.72634953200019e-05,0.0048348114177819,0.716405425106323,trnH-GTG,,tRNA,NC_029855.1,19673,19746,trnH-GTG,trnH(GTG),tRNA-His,145.852922,25.852922
A5N79_gt09,-5.81110664834984,-7.54228162313014,-1.05727456856463,-1.18981385024239,-0.332187331968051,7.45547566411874,0.0004954446458216,0.0249073535581241,0.432250700027316,trnY-GTA,,tRNA,NC_029855.1,102930,103012,trnY-GTA,trnY(GTA),tRNA-Tyr,145.106922,25.106922
A5N79_gt15,-4.21533787802869,-6.14382440503952,-1.10748753355523,-0.900118164279606,0.587676783230096,11.6121643433674,2.25644828853832e-05,0.0043549809372411,3.14581520542008,trnM-CAT,,tRNA,NC_029855.1,367124,367197,trnM-CAT,trnM(CAT),ncRNA,144.92091,24.92091
A5N79_gt04,-6.08528360690674,-6.18476042859517,-2.52205046348224,-1.46854488330214,-1.9382624168729,7.04290333120779,0.0006711781702933,0.0290759468413999,0.924381605533373,trnS-TGA,,tRNA,NC_029855.1,39813,39899,trnS-TGA,trnS(TGA),tRNA-Ser,144.578548,24.578548
LOC115707347,4.58465387534954,1.94111197392211,1.62895069578715,1.12545193675783,-0.0375718074707234,5.91110935140818,0.0018552753712471,0.0499754835676054,0.435538557856553,LOC115707347,tonoplast dicarboxylate transporter,protein_coding,NC_083601.1,44233290,44236777,tonoplast dicarboxylate transporter,TDT,tonoplast dicarboxylate transporter,143.774086,108.774086
A5N79_gt03,-4.54639193023499,-8.72669420427505,-1.44159764276176,-1.77061334635425,-1.60714152212946,16.2801636191359,1.41782855230077e-06,0.0008040854831765,0.195986860749319,trnW-CCA,,tRNA,NC_029855.1,37414,37487,trnW-CCA,trnW(CCA),tRNA-Trp,141.496733,21.496733
A5N79_gt13,-4.20393091811144,-7.63944998574697,-0.434045718660656,0.0531911947850769,-0.337462226905434,12.6904723256466,1.1070752108167e-05,0.0028514011114761,4.1669249633326,trnG-GCC,,tRNA,NC_029855.1,329042,329113,trnG-GCC,trnG(GCC),ncRNA,141.118937,21.118937
LOC115697044,-1.1711181042374,-1.40720956735265,-0.65377916562976,-0.53000144584932,4.08006908921104,7.77148121195122,0.0003631973640153,0.0221715481760287,3.1317993448017,LOC115697044,"homogentisate phytyltransferase 1, chloroplastic",protein_coding,NC_083607.1,4495915,4505860,homogentisate phytyltransferase 1,HPT1,homogentisate phytyltransferase 1,140.51710500000002,105.517105
LOC115719187,0.944456562647964,1.80432696783766,0.691519447918805,0.728874773037383,5.19444794462696,9.18573325217679,0.000119390502595,0.0114529603560781,0.898041667121638,LOC115719187,non-specific phospholipase C2,protein_coding,NC_083602.1,81986141,81993727,non-specific phospholipase C2,NPC2,non-specific phospholipase C2,135.001686,100.001686
LOC133038336,0.520103150851849,0.920715055399907,-0.0589200250023809,0.0512864415775577,4.16184124674478,6.28839694351064,0.0013100911016104,0.0407145998222797,0.428712105899719,LOC133038336,protein PHR1-LIKE 3-like,protein_coding,NC_083601.1,43360164,43363654,PHR1 3,PHR1,phosphate starvation response 1,134.60901,109.60901
LOC115717271,0.287191395541739,-0.512086542512023,0.480504950339179,0.343873466106268,3.673738008268,6.9190333341812,0.0007472979539423,0.030216550817257,0.419732545420256,LOC115717271,K(+) efflux antiporter 5,protein_coding,NC_083605.1,62993617,63000043,K(+) efflux antiporter 5,KEA5,K+ efflux antiporter 5,132.985634,97.985634
LOC115711192,-0.914681855409043,-1.38505322582136,-0.748081987216657,-0.47757026315501,5.36975360266646,6.10733273699368,0.0015463704889639,0.0450450436122178,0.506245740928378,LOC115711192,"gamma carbonic anhydrase-like 2, mitochondrial",protein_coding,NC_083603.1,43288522,43291774,gamma carbonic anhydrase 2,GAMMA CA2,gamma carbonic anhydrase 2,129.41072,94.41072
LOC115697291,0.285477160750783,1.41248381560785,0.103016381919864,0.335856363325992,4.13448529086198,6.58475185993583,0.0010032250128608,0.0351317653026979,1.75517015777721,LOC115697291,ethylene response sensor 1,protein_coding,NC_083607.1,37974438,37979663,ethylene response sensor 1,ERS1,ethylene response sensor 1,126.75739,91.75739
LOC115696981,-1.16812837177491,-1.71710186260877,-0.89792846264716,-0.906249551544162,3.54917791028702,7.70346619903189,0.0003841472968703,0.0225632636492469,0.204376283432266,LOC115696981,gamma-interferon-responsive lysosomal thiol protein,protein_coding,NC_083607.1,4037078,4041981,gamma-interferon-responsive lysosomal thiol,OSH1,gamma interferon responsive lysosomal thiol (GILT) reductase family protein,126.29686,91.29686
LOC115707920,0.850981773036865,1.38937592451929,0.314560946675278,0.295346631755066,3.48204710151561,6.59317448373792,0.0009957245647931,0.0350592008749834,0.732435350477433,LOC115707920,cinnamoyl-CoA reductase 1,protein_coding,NC_083601.1,47391569,47396079,cinnamoyl-CoA reductase 1,CCR1,cinnamoyl coa reductase 1,125.539345,90.539345
LOC115719483,-1.27718936624355,-1.91751581891098,-0.918804647098199,-0.964187672597949,4.91266649295016,10.0283268354928,6.43271182190228e-05,0.0083219338586998,0.80448257727897,LOC115719483,mitochondrial import inner membrane translocase subunit Tim9,protein_coding,NC_083602.1,63540121,63541597,mitochondrial import inner membrane translocase subunit Tim9,TIM9,Tim10/DDP family zinc finger protein,125.49235,100.49235
LOC115721688,-2.05129137287193,-2.40121847971716,-0.619110144723332,-0.728490789607711,4.27703828716798,6.6639644289881,0.0009885049521109,0.0348703003932267,0.661702295854869,LOC115721688,CASP-like protein 1E1,protein_coding,NC_083609.1,7880800,7883164,CASP 1E1,CASP,CCAAT-displacement protein alternatively spliced product,122.71258,97.71258
LOC115721784,-1.81569325725206,-2.890735879042,-1.31680981895823,-0.671720529491856,3.01734264862518,12.1998229853891,1.48808974797903e-05,0.0035870594155771,1.6773898119573,LOC115721784,CASP-like protein 1E1,protein_coding,NC_083609.1,7902440,7908449,CASP 1E1,CASP,CCAAT-displacement protein alternatively spliced product,122.71258,97.71258
LOC115710094,-1.08041966683928,-1.66961247364994,-0.759498571008376,-0.690060669729511,5.79403126751613,9.37883542023583,0.000103329246345,0.0104828745119251,0.34215315842387,LOC115710094,protein mago nashi homolog,protein_coding,NC_083610.1,38093964,38096436,mago nashi homolog,MAGO,mago nashi family protein,122.33048,97.33048
LOC115712718,-0.224501326087955,-1.18524632335729,-0.286013152245409,0.154045023452476,4.53402532743431,6.70625694806396,0.0009006703835809,0.0328186134730411,0.395668240185465,LOC115712718,equilibrative nucleotide transporter 1,protein_coding,NC_083604.1,3804429,3806575,equilibrative nucleotide transporter 1,ENT1,equilibrative nucleotide transporter 1,122.0982,87.0982
LOC115700311,-4.04089615573516,-5.64651344979578,-0.800941530773155,-0.488188101763017,5.08040931486119,23.4561719356443,9.18842601347857e-08,0.0001919564287838,0.293954801938699,LOC115700311,DNA-directed RNA polymerase subunit alpha-like,protein_coding,NC_083604.1,61796246,61804105,DNA-directed RNA polymerase subunit alpha,AT3G54310,DNA-directed RNA polymerase subunit alpha,120.897705,85.897705
LOC115706065,0.224180708480665,-1.10158815797403,0.762098538223996,0.648420399632721,5.09962203661454,6.06807097671224,0.0016517453916964,0.0464911928962216,1.10588841550579,LOC115706065,3-ketoacyl-CoA synthase 1,protein_coding,NC_083601.1,24465008,24467451,3-ketoacyl-CoA synthase 1,KCS1,3-ketoacyl-CoA synthase 1,120.859795,85.859795
LOC115707549,2.69093323048224,-0.903567022081063,2.15647406023429,3.38996138039465,-0.21323355391587,6.7868164827791,0.0008389411304946,0.0318019579345971,0.848808245906024,LOC115707549,protein OXIDATIVE STRESS 3,protein_coding,NC_083601.1,40751312,40752511,OXIDATIVE STRESS 3,OXS3,oxidative stress 3,120.39074,85.39074
LOC115714435,-1.49027202941492,-1.25234873479523,-0.56664044126886,-0.512326106767404,6.38638102031007,7.09321192090679,0.0006426890544369,0.0288987860912861,0.63047694538951,LOC115714435,"geranylgeranyl pyrophosphate synthase, chloroplastic",protein_coding,NC_083604.1,76309816,76311518,geranylgeranyl pyrophosphate synthase,GGPS1,geranylgeranyl pyrophosphate synthase 1,119.22253,84.22253
LOC115709578,-1.21051293388856,-1.70221486309894,-0.428328200795965,-0.474152798938255,4.17435997895782,7.24722319436463,0.0005632895062845,0.026744871962532,1.15319068881889,LOC115709578,MICOS complex subunit MIC10,protein_coding,NC_083603.1,3431476,3432070,MICOS complex subunit MIC10,AT1G22520,MICOS complex subunit Mic10-like protein (DUF543),118.6555,83.6555
LOC115709262,0.691072107853515,1.54980831329649,0.612811590943816,0.174975533112904,4.42144426328696,9.35027084154647,0.0001055502039498,0.0105002906596027,0.238846790086629,LOC115709262,inositol-pentakisphosphate 2-kinase,protein_coding,NC_083603.1,40961938,40965585,inositol-pentakisphosphate 2-kinase,IPK1,inositol-pentakisphosphate 2-kinase 1,118.58071,83.58071
LOC133028904,-0.577551557343437,-1.39369693916728,-0.467967132848903,-0.727952220830153,3.10889384019722,7.23431160408448,0.0005695214014295,0.0269048778635139,0.509123993162646,LOC133028904,probable amino acid permease 7,protein_coding,NC_083606.1,532240,535850,amino acid permease 7,AAP7,amino acid permease 7,118.19465,83.19465
LOC115711235,-0.903709967046289,-1.26182874032911,-0.881644428042093,-0.662614435744283,6.41698762606736,6.9967816495242,0.000698495628703,0.0293731619588593,1.61899649193461,LOC115711235,NADH dehydrogenase [ubiquinone] 1 beta subcomplex subunit 10-B,protein_coding,NC_083603.1,2823192,2826576,NADH dehydrogenase [ubiquinone] 1 beta subcomplex subunit 10-B,AT3G18410,NADH dehydrogenase ubiquinone 1 beta subcomplex subunit 10-B-like protein (Complex I subunit NDUFS6),118.18164,83.18164
LOC115701386,-0.408846548303626,-1.11788820512019,-0.627118920915826,-0.395644220818484,5.89155039555947,7.53302613813357,0.0004425987678389,0.0239122420547243,1.80623738809342,LOC115701386,probable small nuclear ribonucleoprotein F,protein_coding,NC_083608.1,27638173,27640839,small nuclear ribonucleoprotein F,RUXF,small nuclear ribonucleoprotein F,118.043526,83.043526
LOC115722121,-1.29262652519614,-0.499532986549064,-2.52620402709066,-2.15169120068936,4.40631746831714,12.1517283186778,1.67519112104435e-05,0.0039371179322344,2.81408308291085,LOC115722121,"ATP sulfurylase 1, chloroplastic",protein_coding,NC_083609.1,11317269,11320788,ATP sulfurylase 1,APS1,ATP sulfurylase 1,117.4173,82.4173
LOC115712507,-2.51186521447812,-4.06015463018645,-3.3462444441044,-3.81085459420993,2.57773861451045,6.1138482192878,0.0016329885140861,0.046379833900073,0.711157341630019,LOC115712507,protein NIM1-INTERACTING 2,protein_coding,NC_083604.1,2160633,2160995,NIM1-INTERACTING 2,NIMIN-2,NIM1-interacting 2,116.91412,81.91412
LOC115719660,0.21806903107617,0.729215979999307,0.132786792825378,0.173953795238973,5.33452234957802,6.39281841645546,0.0011917575150307,0.0384961959549701,0.486211436478483,LOC115719660,serine/threonine-protein kinase Nek1,protein_coding,NC_083602.1,31671704,31676946,serine/threonine- kinase Nek1,NEK1,NIMA-related serine/threonine kinase 1,115.656906,90.656906
LOC115722365,1.45792564835721,1.86345891223301,1.42962691490438,1.56115582242342,5.40806741472878,10.4345872354663,4.82558484289522e-05,0.0068058268860178,3.8619686191864,LOC115722365,beta-galactosidase 9-like,protein_coding,NC_083609.1,1199588,1209991,beta-galactosidase 9,BGAL9,beta galactosidase 9,113.709145,78.709145
LOC115715013,0.423912865098523,-1.36103670586559,0.617463836226084,0.593262999961319,3.44567685432888,9.11020536399814,0.0001263897696248,0.0118819022424334,0.707290606064664,LOC115715013,lipid phosphate phosphatase 2,protein_coding,NC_083604.1,918213,922040,lipid phosphate phosphatase 2,LPP2,lipid phosphate phosphatase 2,113.64915,78.64915
LOC115723430,-0.966526777048957,-1.75187244428788,-0.540149591153037,-0.652281188078129,5.38004034667186,10.7610777830143,3.8484734988339e-05,0.0059310654692684,0.481479153054739,LOC115723430,ADP-ribosylation factor 1,protein_coding,NC_083609.1,3729693,3731628,ADP-ribosylation factor 1,ARF1,ADP-ribosylation factor 1,113.62136,78.62136
LOC115725459,-0.835269946549986,-1.53660511552035,-1.02074899930553,-0.809217986515629,8.26610701297615,7.81772274759712,0.0003496601182254,0.0217061886941957,1.87634428926508,LOC115725459,histone H2A.6,protein_coding,NC_083606.1,26482968,26484174,histone H2A.6,HTA6,histone H2A 6,113.4377,78.4377
LOC115720867,-0.776040492262548,-1.61780285671369,-1.02394539892795,-0.566250868929537,6.62473823169848,6.99798280738346,0.000697769176821,0.0293731619588593,0.492399766827592,LOC115720867,probable histone H2A.4,protein_coding,NC_083602.1,65788679,65789722,histone H2A.4,HTA4,histone H2A 4,111.03307,76.03307
LOC115708676,-1.12905847298745,-1.68704641248957,-0.952037051021019,-0.533449492804922,10.2122668095478,10.9447371991577,3.3946729400976e-05,0.0053635832453542,0.538972307170197,LOC115708676,glyceraldehyde-3-phosphate dehydrogenase,protein_coding,NC_083603.1,44562565,44565952,glyceraldehyde-3-phosphate dehydrogenase,GAPC2,glyceraldehyde-3-phosphate dehydrogenase C2,110.24024,75.24024
LOC115711222,-1.32669528692039,-1.60441206831689,-0.803464047124432,-0.424285908558612,8.95062955897415,7.55043736665905,0.0004362090251517,0.0238418665433239,1.24519310105796,LOC115711222,"ADP,ATP carrier protein 1, mitochondrial",protein_coding,NC_083603.1,2151398,2154038,"ADP,ATP carrier 1",AAC1,ADP/ATP carrier 1,109.455215,74.455215
LOC115708034,0.456833769234106,0.835507535267579,0.46563159101955,0.283624992349695,5.65172844588698,6.5819689442898,0.0010057166008476,0.0351317653026979,0.957403704136452,LOC115708034,protein IQ-DOMAIN 13,protein_coding,NC_083601.1,48144740,48148697,IQ-DOMAIN 13,IQD13,IQ-domain 13,108.6817,73.6817
LOC133032653,1.87320974415641,2.94604174186985,1.49734826875238,1.34646431761302,4.92151897168284,10.3468700560337,5.44775271995021e-05,0.0072644430241492,1.03889838198605,LOC133032653,sucrose synthase 2,protein_coding,NC_083610.1,18991228,18997515,sucrose synthase 2,SUS2,sucrose synthase 2,107.42525,72.42525
LOC115704057,-0.339299386371802,-1.35075130906196,-0.446048444432184,0.0851349955588082,2.83584984104797,9.78960525306845,7.64070118926042e-05,0.0090644655355588,1.10679133397605,LOC115704057,"probable phytol kinase 1, chloroplastic",protein_coding,NC_083601.1,31355012,31358105,phytol kinase 1,VTE5,phytol kinase 1 VTE5,107.10099,72.10099
LOC115705789,-0.737749485333118,-2.4173601539364,-1.18565958735888,-0.534389050590792,4.10069035709086,6.64879066240698,0.0010095042513087,0.0351317653026979,0.473955166776684,LOC115705789,probable glutathione S-transferase,protein_coding,NC_083601.1,27813862,27815522,glutathione S-transferase,GSTF4,glutathione S-transferase F4,106.07466,71.07466
LOC115724154,-1.93515769585051,-1.94491545310147,-2.24846302392255,-2.14594141004688,3.98522138591517,7.65086529352886,0.0004156992021442,0.0236093235799261,2.10462632404417,LOC115724154,glutathione S-transferase,protein_coding,NC_083610.1,18306333,18308237,glutathione S-transferase,GSTF4,glutathione S-transferase F4,106.07466,71.07466
LOC115724631,-2.13925432007811,-4.69677670600527,-2.46964650800463,-1.27720437444664,4.31264645281967,11.1579837729223,4.00910563298846e-05,0.0060789680735039,0.137566111124872,LOC115724631,chlorophyllase-1,protein_coding,NC_083606.1,62466020,62470672,chlorophyllase-1,CLH1,chlorophyllase 1,106.05229,71.05229
LOC115699642,-1.11167453639107,-0.932170081651289,-0.35329157124829,-0.608408246987523,4.63647467215465,6.34271685969731,0.0012470290925589,0.0396728274082812,1.56525266109787,LOC115699642,"aspartate aminotransferase, mitochondrial",protein_coding,NC_083608.1,37353571,37358412,aspartate aminotransferase,AAT,aspartate aminotransferase,104.01988,69.01988
LOC115719411,-0.703938368144295,-1.87584913086613,-0.613983020985077,-0.246442809330139,7.36158170809469,6.04933966812544,0.0016734351522234,0.0468405787238806,2.347087030533,LOC115719411,ADP-ribosylation factor,protein_coding,NC_083602.1,51274883,51278433,ADP-ribosylation factor,ARF1,ADP-ribosylation factor 1,103.11233,68.11233
LOC115725301,-0.951060040517717,-1.17267857159819,-0.88273762021994,-1.00203327961194,7.43559309380641,6.16393010810011,0.0014679275050385,0.0433961838832293,1.0907092649579,LOC115725301,thioredoxin H-type,protein_coding,NC_083606.1,75212812,75215152,thioredoxin H-type,TH9,thioredoxin H-type 9,102.349266,67.349266
LOC115716230,-1.45194903445396,-2.93651348609968,-1.59652886500325,-1.13096024157807,6.93993290597618,16.7854842189175,1.14316540446547e-06,0.000765401380551,0.731608207045621,LOC115716230,histone H4,protein_coding,NC_083605.1,68083605,68084225,histone H4,HIS4,histone H4,102.20842,67.20842
LOC115725040,-0.607988898230701,-2.05075877488008,-1.39294995594138,-0.967331243108802,6.23924152259674,7.8987164529714,0.0003445798857208,0.0215242226289838,0.610256688066937,LOC115725040,histone H4,protein_coding,NC_083606.1,3962292,3962871,histone H4,HIS4,histone H4,102.20842,67.20842
LOC115716229,-1.29122090002795,-2.57054041570586,-1.47283883529439,-1.20780777858331,7.33284837510701,13.4790662679317,6.84661503074363e-06,0.0020762912227103,4.67554613217295,LOC115716229,histone H4,protein_coding,NC_083605.1,68087137,68087944,histone H4,HIS4,histone H4,102.20842,67.20842
LOC115719770,-1.34028620109938,-2.61985451705741,-1.7239688300904,-1.10158616240136,9.46032326688155,11.7429183285783,1.99638961477476e-05,0.004235835866788,0.566561767829062,LOC115719770,histone H4,protein_coding,NC_083602.1,88420085,88420995,histone H4,HIS4,histone H4,102.20842,67.20842
LOC115711993,0.298758612795782,1.31900883877352,0.170573779041207,-0.0855694451074629,6.61209268230302,6.8939886430188,0.0007637917594261,0.0304900481119532,0.397460631573889,LOC115711993,glutamate decarboxylase,protein_coding,NC_083604.1,21115079,21117806,glutamate decarboxylase,GAD,glutamate decarboxylase,98.177795,63.177795
LOC115705417,-1.11404080716884,-1.17765366980314,-0.691702785428791,-0.892173502914093,8.22881140422995,7.26474866432872,0.0005549481074869,0.0264155299163811,1.44661793260364,LOC115705417,adenosine kinase 2,protein_coding,NC_083601.1,49934372,49938337,adenosine kinase 2,ADK2,adenosine kinase 2,96.25551999999999,61.25552
LOC115721801,1.5419795868522,1.77116939032936,1.84473681933851,1.99075829640013,4.25293213826887,8.24954502955772,0.0002484743040842,0.0176641189548598,4.10919115117032,LOC115721801,probable RNA-dependent RNA polymerase 1,protein_coding,NC_083609.1,57615727,57621377,RNA-dependent RNA polymerase 1,RDR1,RNA-dependent RNA polymerase 1,95.777557,60.777557
LOC115712135,0.146268414303916,0.497274593821355,0.0493174183513542,-0.260096669422668,6.61555035790967,6.26081060710204,0.0013434254216194,0.0412056847916616,1.00839209350415,LOC115712135,calmodulin-7,protein_coding,NC_083604.1,33291371,33293601,calmodulin-7,CAM7,calmodulin 7,95.096676,60.096676
LOC133035391,-3.59377059988219,-7.89279874695107,-2.92887583182861,-0.505109201530881,7.22021322567427,8.02808323912555,0.000377051281388,0.0225057720401862,0.410064126383764,LOC133035391,alpha-N-acetylglucosaminidase-like,protein_coding,NC_083603.1,53763735,53783445,alpha-N-acetylglucosaminidase,CYL1,alpha-N-acetylglucosaminidase family / NAGLU family,94.924248,59.924248
LOC115713878,-0.729250909873266,-0.966906942796283,-0.681143932274764,-0.802147620668498,5.50408512483716,6.38484374280084,0.0012003754875489,0.0385144367182523,0.573730650091215,LOC115713878,nuclear transport factor 2,protein_coding,NC_083604.1,81243347,81246522,nuclear transport factor 2,AT3G24463,nuclear transport factor 2 family protein,93.705963,58.705963
LOC133037477,-1.94264738841803,-3.55801617131181,-0.64294101706211,-0.419049241264878,7.83193408535626,16.6052852977304,1.36200707308467e-06,0.0008040854831765,0.403860285725822,LOC133037477,"ATP synthase subunit a, chloroplastic",protein_coding,NC_083604.1,61913047,61915519,ATP synthase subunit a,VHA-A,vacuolar ATP synthase subunit A,93.5503,58.5503
LOC115705825,-0.680638636465965,-0.623688788725172,-0.506302444381357,-0.629357048936106,5.36834630727003,7.10347206732955,0.0006370405884715,0.0288987860912861,0.889225651532666,LOC115705825,hexokinase-1,protein_coding,NC_083601.1,68307605,68312786,hexokinase-1,HXK1,hexokinase 1,93.21997999999999,58.21998
LOC115721107,-2.73155483061416,-2.7500564920904,-1.79707941727391,-0.878781890025385,3.40152305623123,6.41923241295004,0.0012565438381358,0.0397736317249669,1.42643905508161,LOC115721107,barwin,protein_coding,NC_083602.1,30272566,30273837,barwin,AT4G30380,Barwin-related endoglucanase,91.395916,56.395916
LOC115722217,0.582717334813194,0.786287039969812,0.246550843091235,0.199027990989571,5.05319611602106,8.81606639399193,0.0001581847563723,0.0133972513032151,0.333578180804417,LOC115722217,probable serine/threonine-protein phosphatase 2A regulatory subunit B'' subunit TON2,protein_coding,NC_083609.1,7111781,7116474,TON2,FASS,tonneau 2 (TON2),89.51477,54.51477
LOC133037250,-1.87533060002995,-2.57733888259819,-1.28889424843892,-1.07230477063831,3.29824467157853,9.43335091510229,0.0001001329107349,0.0104828745119251,0.403583087037503,LOC133037250,"ATP synthase subunit c, chloroplastic",protein_coding,NC_083604.1,50047433,50047837,ATP synthase subunit c,AT2G07671,ATP synthase subunit C family protein,89.42456,54.42456
LOC115701758,-2.98297973900847,-7.64237224680459,-2.27856478871598,-0.475296007772693,18.1372164932575,8.69986674505787,0.0001876259009396,0.0147604275709963,0.241579510040914,LOC115701758,18S ribosomal RNA,rRNA,NC_083608.1,4316280,4318086,18S ribosomal RNA,AT2G01010,18S ribosomal RNA,89.066845,54.066845
LOC115707879,-1.29176245716714,-1.74804819907,-0.893684412609269,-0.828248128902802,3.95792888660018,10.3944740907108,4.96304286697781e-05,0.0068241168214567,1.23764538143425,LOC115707879,glycerol kinase,protein_coding,NC_083601.1,46903695,46906214,glycerol kinase,AT4G38225,glycerol kinase,89.023453,54.023453
LOC115701465,-0.554088653774781,-0.990974711468561,-0.952468763413001,-0.742002927311342,3.95141651068626,6.19551605534704,0.0014260224844372,0.0426063396400335,3.41257089592461,LOC115701465,"pheophorbide a oxygenase, chloroplastic",protein_coding,NC_083608.1,50600164,50604747,pheophorbide a oxygenase,ACD1,Pheophorbide a oxygenase family protein with Rieske 2Fe-2S domain-containing protein,87.24336199999999,52.243362
LOC115705229,-0.817280722694679,-0.988764337270893,-0.516436609190583,-0.678090905143053,6.88713764241128,7.97675951722677,0.0003071055080508,0.0200492977860119,1.42768874373538,LOC115705229,profilin,protein_coding,NC_083601.1,14225345,14228400,profilin,PRF3,profilin,87.088116,52.088116
LOC115700598,-1.10064879469295,-1.39091595677158,-0.548838489586404,-0.727593714355803,4.00386720432489,6.79595228093473,0.0008322341354724,0.0317607712609893,0.995172543756537,LOC115700598,cytochrome b5,protein_coding,NC_083608.1,29473109,29475732,cytochrome b5,CB5-A,cytochrome B5 isoform A,85.82924,50.82924
LOC115722469,-0.631603361031961,-0.877584878461732,-0.503256692264865,-0.469527852882347,5.86138814047153,6.26929709157785,0.0013330743813615,0.0410892860956708,1.40164934584257,LOC115722469,cytochrome b5,protein_coding,NC_083609.1,1687942,1691770,cytochrome b5,CB5-A,cytochrome B5 isoform A,85.82924,50.82924
LOC115714168,0.951407431553124,3.15365204365705,1.71033854617476,0.678783897103195,0.751182673549217,5.96220258562174,0.0017689133409023,0.0482409639990226,1.73202141886795,LOC115714168,alcohol dehydrogenase,protein_coding,NC_083604.1,80530723,80533680,alcohol dehydrogenase,ADH1,alcohol dehydrogenase 1,85.5733,50.5733
LOC115702056,-0.673963197023569,-1.33450439066561,-0.511370638432637,-0.396576473967425,6.05389182394524,6.63924307450607,0.0009557552312384,0.0339058676561235,0.856296076075489,LOC115702056,NADH dehydrogenase [ubiquinone] 1 alpha subcomplex subunit 1,protein_coding,NC_083605.1,23851186,23855773,NADH dehydrogenase [ubiquinone] 1 alpha subcomplex subunit 1,AT3G08610,NADH dehydrogenase ubiquinone 1 alpha subcomplex subunit,84.43905,84.43905
LOC115700282,-2.04261157067262,-3.30493446942644,-0.704838979249128,-0.598357680723601,5.97760982866516,6.86098703985732,0.0009276682663918,0.0333739079058292,0.661491116392127,LOC115700282,putative cell wall protein,protein_coding,NC_083608.1,42600302,42601006,cell wall,WAK1,cell wall-associated kinase,84.2938,49.2938
LOC115715220,-0.642941266732726,1.44302685491418,0.0104103143734564,-0.721197731210711,4.11179885635695,10.8082946142381,3.7258586764757e-05,0.0057895532921567,0.313056443393163,LOC115715220,acid phosphatase 1,protein_coding,NC_083604.1,81318910,81320885,acid phosphatase 1,PAP1,phosphatidic acid phosphatase 1,83.19871499999999,48.198715
LOC115698034,-1.25907994870205,-1.44648759788408,-0.658710739239615,-0.776097557529962,5.23633358980031,6.95971881636788,0.0007213167698734,0.0299386267266222,0.720775583960213,LOC115698034,cytochrome c,protein_coding,NC_083607.1,3509624,3511306,cytochrome c,CYTC6A,Cytochrome c,81.70400000000001,46.704
LOC115697032,-0.240836285559421,0.291840645264508,-0.513865053262876,-0.68348021704246,3.51365617991583,6.20991624253531,0.0014073471066401,0.0423613698546979,0.515419532806235,LOC115697032,transcription factor bHLH140,protein_coding,NC_083607.1,4465386,4470089,bHLH140,AT5G01305,transcription factor bHLH140-like protein,79.328667,44.328667
LOC115705755,1.06492640041106,1.97610198589088,0.840560470994834,0.759339155959544,4.6448014337328,7.11672274296562,0.0006298248681554,0.0287967079192751,0.376073080883065,LOC115705755,protein trichome birefringence-like 36,protein_coding,NC_083601.1,30284285,30287697,trichome birefringence 36,TBL36,TRICHOME BIREFRINGENCE-LIKE 36,74.98923,74.98923
LOC115716360,0.0405633170787768,0.62083904763964,0.163709424784129,0.0753274605387942,4.71827597479325,6.10642856264911,0.0015476597262787,0.0450450436122178,0.335083290945361,LOC115716360,protein trichome birefringence-like 24,protein_coding,NC_083605.1,74857645,74860923,trichome birefringence 24,TBL24,TRICHOME BIREFRINGENCE-LIKE 24,73.02466,73.02466
LOC115716715,0.260599404859751,-2.98760615776118,-0.153569026594489,0.641299697011993,-2.40373576676442,6.25630514752666,0.0013489559329571,0.0412168805174765,0.475883655422255,LOC115716715,thaumatin-like protein,protein_coding,NC_083605.1,31972952,31978028,thaumatin,TLP-3,thaumatin-like protein 3,71.867523,36.867523
LOC115700565,-1.14947609571395,-1.30205573620057,-0.996483583466561,-0.792646646291701,5.81058966090063,5.98578169348776,0.0017305268084812,0.047638894660417,0.48891493620792,LOC115700565,protein translation factor SUI1 homolog 1,protein_coding,NC_083608.1,41168532,41170790,SUI1,AT4G27130,Translation initiation factor SUI1 family protein,69.859814,34.859814
LOC115720988,-0.495189585956097,-1.09455975083867,-0.232805391946041,-0.193998586271897,4.62411778649712,6.30622541524424,0.0012890226208779,0.0403936721962444,1.59230876816637,LOC115720988,Golgi apparatus membrane protein-like protein ECHIDNA,protein_coding,NC_083602.1,51136252,51138834,Golgi apparatus membrane ECHIDNA,AT1G09330,golgi apparatus membrane protein-like protein ECHIDNA protein,69.707085,69.707085
LOC115713305,-1.40165362223199,-1.70778074109032,-0.87498249494237,-0.794462225478894,2.08959374570738,8.36398385006374,0.0002251416154191,0.0165355963012131,0.507064802164118,LOC115713305,vesicle transport protein GOT1,protein_coding,NC_083604.1,49783210,49790137,GOT1,AT5G01430,Got1/Sft2-like vescicle transport protein family,68.87127699999999,33.871277
LOC115708056,0.837152361565669,1.22724782414764,0.562632734665361,0.603097962104992,7.12778134435,6.91443747745526,0.0007502956551591,0.0302334604004004,5.18916438807472,LOC115708056,formin-like protein 2,protein_coding,NC_083601.1,48250646,48254598,formin 2,AT2G25050,actin-binding FH2 (formin 2) family protein,68.094032,33.094032
LOC115695700,-0.774380916988707,-1.57498277621395,-0.515546590930593,-0.275084078041757,4.081384037478,9.54973355556685,9.10532123002711e-05,0.0100849625573086,1.04813441345714,LOC115695700,protein transport protein SFT2,protein_coding,NC_083606.1,1044497,1046853,SFT2,AT5G01430,Got1/Sft2-like vescicle transport protein family,65.191101,30.191101
LOC115707950,-0.91645977715447,-1.70185086932462,-0.765727594088025,-0.477192620354599,6.55252384766426,7.11453582981073,0.0006310096618839,0.0287967079192751,0.398298790708778,LOC115707950,early nodulin-like protein 19,protein_coding,NC_083601.1,47580751,47582284,early nodulin 19,ENODL19,early nodulin-like protein 19,64.23404,64.23404
LOC115700943,-1.09962448553339,-1.34746838674119,-0.729858646860972,-0.770279187302273,5.04836240827111,6.82079382565484,0.0008142874859153,0.0316156543951396,4.30188085569146,LOC115700943,early nodulin-like protein 17,protein_coding,NC_083608.1,50101998,50103929,early nodulin 17,ENODL17,early nodulin-like protein 17,63.557133,63.557133
LOC115706009,1.24682037725363,1.5373923113629,1.03649504642512,0.877550254110042,5.27255552136828,11.5653195853709,2.24227060859988e-05,0.0043549809372411,0.658702358802031,LOC115706009,NAC domain containing protein 50,protein_coding,NC_083601.1,31630292,31641579,NAC domain containing 50,NAC050,NAC domain containing protein 50,58.982517,58.982517
